train_corpus;test_corpus;features;metric;value;std
mysMEEI;mysMEEI;acoustic;accuracy;0.8374999999999999;0.008188325637673561
mysMEEI;mysMEEI;acoustic;precision;0.860554583952043;0.011395320247179753
mysMEEI;mysMEEI;acoustic;recall;0.875;0.0
mysMEEI;mysMEEI;acoustic;f1;0.8676791626279282;0.005789692867562973
mysMEEI;mysMEEI;acoustic;auc;0.8777728174603173;0.006399038309555825
mysMEEI;mysMEEI;acoustic_balanced_weights;accuracy;0.8461956521739127;0.011744664557051261
mysMEEI;mysMEEI;acoustic_balanced_weights;precision;0.888048143433826;0.00911238376911486
mysMEEI;mysMEEI;acoustic_balanced_weights;recall;0.8551785714285713;0.016149611418841997
mysMEEI;mysMEEI;acoustic_balanced_weights;f1;0.8712258068401;0.010506299290574424
mysMEEI;mysMEEI;acoustic_balanced_weights;auc;0.8705208333333333;0.008096859458216173
mysMEEI;mysMEEI;spectral_paper;accuracy;0.8779347826086955;0.011892615776981256
mysMEEI;mysMEEI;spectral_paper;precision;0.8892990656444698;0.013311825235223396
mysMEEI;mysMEEI;spectral_paper;recall;0.9133928571428572;0.013452249261892292
mysMEEI;mysMEEI;spectral_paper;f1;0.9010864066647809;0.009566116354236757
mysMEEI;mysMEEI;spectral_paper;auc;0.9333333333333335;0.009209374075455828
mysMEEI;mysMEEI;combined_paper;accuracy;0.9233695652173914;0.011944163573823888
mysMEEI;mysMEEI;combined_paper;precision;0.944175462322228;0.018842621581873147
mysMEEI;mysMEEI;combined_paper;recall;0.9294642857142859;0.004639421805988051
mysMEEI;mysMEEI;combined_paper;f1;0.9366578593419526;0.009291922386251959
mysMEEI;mysMEEI;combined_paper;auc;0.9618601190476188;0.004221748890963285
mysMEEI;mysMEEI;spectral_02;accuracy;0.862717391304348;0.01534534713321732
mysMEEI;mysMEEI;spectral_02;precision;0.8820078238868564;0.017273444989302614
mysMEEI;mysMEEI;spectral_02;recall;0.8944642857142858;0.015381003059034896
mysMEEI;mysMEEI;spectral_02;f1;0.8880614843048918;0.012297517427931238
mysMEEI;mysMEEI;spectral_02;auc;0.9382192460317459;0.00871587909318572
mysMEEI;mysMEEI;combined_02;accuracy;0.9020652173913045;0.014863509445735829
mysMEEI;mysMEEI;combined_02;precision;0.9234808206336819;0.019376542840028863
mysMEEI;mysMEEI;combined_02;recall;0.9153571428571431;0.01227345734102828
mysMEEI;mysMEEI;combined_02;f1;0.9192718061175692;0.011888478523129756
mysMEEI;mysMEEI;combined_02;auc;0.9510863095238097;0.0070631489433114775
mysMEEI;mysMEEI;sep_02_raw;accuracy;0.9173913043478262;0.006874516652539969
mysMEEI;mysMEEI;sep_02_raw;precision;0.9209562608303341;0.009190495029603018
mysMEEI;mysMEEI;sep_02_raw;recall;0.9455357142857141;0.0038918740567327305
mysMEEI;mysMEEI;sep_02_raw;f1;0.9330595252560027;0.005322171175879482
mysMEEI;mysMEEI;sep_02_raw;auc;0.9602331349206348;0.006181540772834536
mysMEEI;mysMEEI;sep_02_a01;accuracy;0.9202173913043481;0.01202745755967224
mysMEEI;mysMEEI;sep_02_a01;precision;0.9436340955836985;0.01684365314925573
mysMEEI;mysMEEI;sep_02_a01;recall;0.9244642857142861;0.010055648732357928
mysMEEI;mysMEEI;sep_02_a01;f1;0.9338473298392311;0.009632893011798933
mysMEEI;mysMEEI;sep_02_a01;auc;0.9660912698412697;0.004211610403931905
mysMEEI;mysMEEI;sep_02_a02;accuracy;0.9150000000000001;0.011745167529774007
mysMEEI;mysMEEI;sep_02_a02;precision;0.9336842665315853;0.0159058532145203
mysMEEI;mysMEEI;sep_02_a02;recall;0.9264285714285717;0.008096988606253318
mysMEEI;mysMEEI;sep_02_a02;f1;0.9299649405045807;0.009289756981876925
mysMEEI;mysMEEI;sep_02_a02;auc;0.959330357142857;0.006074108739666462
mysMEEI;mysMEEI;spectral_03;accuracy;0.8877173913043479;0.01641664227749683
mysMEEI;mysMEEI;spectral_03;precision;0.9170053807554591;0.01969620382320267
mysMEEI;mysMEEI;spectral_03;recall;0.8971428571428571;0.015795245991068553
mysMEEI;mysMEEI;spectral_03;f1;0.9068100119474707;0.013326679677194432
mysMEEI;mysMEEI;spectral_03;auc;0.9540426587301586;0.007086616872108371
mysMEEI;mysMEEI;combined_03;accuracy;0.935;0.011905027452254847
mysMEEI;mysMEEI;combined_03;precision;0.9562324698546151;0.013416502209918343
mysMEEI;mysMEEI;combined_03;recall;0.93625;0.013184087115201564
mysMEEI;mysMEEI;combined_03;f1;0.9460486147227501;0.009852131141589485
mysMEEI;mysMEEI;combined_03;auc;0.9703174603174604;0.004798819384547892
mysMEEI;mysMEEI;sep_03_raw;accuracy;0.9164130434782609;0.00851649683476041
mysMEEI;mysMEEI;sep_03_raw;precision;0.922332478059023;0.010607315330459739
mysMEEI;mysMEEI;sep_03_raw;recall;0.942142857142857;0.007626484465736625
mysMEEI;mysMEEI;sep_03_raw;f1;0.9320890457779796;0.0067674394352710875
mysMEEI;mysMEEI;sep_03_raw;auc;0.9603422619047618;0.0057125006684738515
mysMEEI;mysMEEI;sep_03_a01;accuracy;0.9179347826086959;0.011124722549162367
mysMEEI;mysMEEI;sep_03_a01;precision;0.9424762215644316;0.013065707826301938
mysMEEI;mysMEEI;sep_03_a01;recall;0.9216071428571433;0.012344698523360268
mysMEEI;mysMEEI;sep_03_a01;f1;0.9318428242196268;0.00919565718994747
mysMEEI;mysMEEI;sep_03_a01;auc;0.9656795634920634;0.00513468095092704
mysMEEI;mysMEEI;sep_03_a02;accuracy;0.926521739130435;0.012212671221902744
mysMEEI;mysMEEI;sep_03_a02;precision;0.9528869754229735;0.013127908469788008
mysMEEI;mysMEEI;sep_03_a02;recall;0.9251785714285716;0.013047939472951117
mysMEEI;mysMEEI;sep_03_a02;f1;0.9387546399418;0.010138480151643883
mysMEEI;mysMEEI;sep_03_a02;auc;0.9602232142857143;0.006221074647551505
mysMEEI;mysMEEI;spectral_04;accuracy;0.899239130434783;0.01138505885875832
mysMEEI;mysMEEI;spectral_04;precision;0.9162871461680254;0.012600836276368687
mysMEEI;mysMEEI;spectral_04;recall;0.9185714285714289;0.013439205515876275
mysMEEI;mysMEEI;spectral_04;f1;0.9173378022006747;0.009323710190488464
mysMEEI;mysMEEI;spectral_04;auc;0.9480009920634922;0.009575097259060663
mysMEEI;mysMEEI;combined_04;accuracy;0.9182608695652175;0.00876062681722171
mysMEEI;mysMEEI;combined_04;precision;0.945462114014326;0.012457187495114343
mysMEEI;mysMEEI;combined_04;recall;0.9189285714285716;0.010838564932495381
mysMEEI;mysMEEI;combined_04;f1;0.9319162019103829;0.007176806964607499
mysMEEI;mysMEEI;combined_04;auc;0.970813492063492;0.004463028923622544
mysMEEI;mysMEEI;sep_04_raw;accuracy;0.9059782608695655;0.011744664557051252
mysMEEI;mysMEEI;sep_04_raw;precision;0.9114717633971223;0.014646344243797202
mysMEEI;mysMEEI;sep_04_raw;recall;0.9367857142857143;0.010838564932495348
mysMEEI;mysMEEI;sep_04_raw;f1;0.9238657364364415;0.009250913015551783
mysMEEI;mysMEEI;sep_04_raw;auc;0.9609275793650792;0.005132840541098576
mysMEEI;mysMEEI;sep_04_a01;accuracy;0.9110869565217393;0.01325730529433854
mysMEEI;mysMEEI;sep_04_a01;precision;0.9324728043336062;0.016442286163880753
mysMEEI;mysMEEI;sep_04_a01;recall;0.9208928571428575;0.011365619029263984
mysMEEI;mysMEEI;sep_04_a01;f1;0.9265546090093122;0.010646288812549231
mysMEEI;mysMEEI;sep_04_a01;auc;0.9622271825396822;0.005842813923522684
mysMEEI;mysMEEI;sep_04_a02;accuracy;0.906521739130435;0.014337941258992301
mysMEEI;mysMEEI;sep_04_a02;precision;0.9231550032300734;0.019192583430131825
mysMEEI;mysMEEI;sep_04_a02;recall;0.9237500000000003;0.0112528341101344
mysMEEI;mysMEEI;sep_04_a02;f1;0.9233211328842227;0.011256531881839489
mysMEEI;mysMEEI;sep_04_a02;auc;0.9610069444444446;0.006704285147167447
mysMEEI;mysMEEI;spectral_05;accuracy;0.8964130434782611;0.009777172402542356
mysMEEI;mysMEEI;spectral_05;precision;0.9179579641807412;0.011659210615956515
mysMEEI;mysMEEI;spectral_05;recall;0.9114285714285717;0.009422075684480658
mysMEEI;mysMEEI;spectral_05;f1;0.914626136984195;0.00787649604112803
mysMEEI;mysMEEI;spectral_05;auc;0.9378422619047619;0.007341502771401208
mysMEEI;mysMEEI;combined_05;accuracy;0.9076086956521741;0.011348159248815812
mysMEEI;mysMEEI;combined_05;precision;0.9309313366400138;0.013542068222191233
mysMEEI;mysMEEI;combined_05;recall;0.9164285714285717;0.014033487645991789
mysMEEI;mysMEEI;combined_05;f1;0.9235137462711461;0.009400630195030797
mysMEEI;mysMEEI;combined_05;auc;0.9651984126984127;0.004839155145742425
mysMEEI;mysMEEI;sep_05_raw;accuracy;0.9007608695652176;0.010611613105612804
mysMEEI;mysMEEI;sep_05_raw;precision;0.9053362559672119;0.010704487525026741
mysMEEI;mysMEEI;sep_05_raw;recall;0.9348214285714286;0.01111598178391849
mysMEEI;mysMEEI;sep_05_raw;f1;0.9197929542697544;0.008566030249355473
mysMEEI;mysMEEI;sep_05_raw;auc;0.9574007936507936;0.00467496697320465
mysMEEI;mysMEEI;sep_05_a01;accuracy;0.9040217391304348;0.010086464568213294
mysMEEI;mysMEEI;sep_05_a01;precision;0.9269181979316896;0.013413696602774076
mysMEEI;mysMEEI;sep_05_a01;recall;0.9146428571428573;0.008957097288560336
mysMEEI;mysMEEI;sep_05_a01;f1;0.9206693453615551;0.008040494116922219
mysMEEI;mysMEEI;sep_05_a01;auc;0.9582390873015872;0.005241389337440404
mysMEEI;mysMEEI;sep_05_a02;accuracy;0.9010869565217393;0.01205493098522762
mysMEEI;mysMEEI;sep_05_a02;precision;0.9203802231996839;0.015961322884839226
mysMEEI;mysMEEI;sep_05_a02;recall;0.9171428571428577;0.009948848769417241
mysMEEI;mysMEEI;sep_05_a02;f1;0.9186627129625167;0.009456904439968055
mysMEEI;mysMEEI;sep_05_a02;auc;0.9582341269841268;0.00573168921652948
mysMEEI;mysMEEI;spectral_06;accuracy;0.8795652173913046;0.013721507685269125
mysMEEI;mysMEEI;spectral_06;precision;0.8910697700316687;0.01712794507338853
mysMEEI;mysMEEI;spectral_06;recall;0.9142857142857147;0.010714285714285721
mysMEEI;mysMEEI;spectral_06;f1;0.9024183761859713;0.010487662860185489
mysMEEI;mysMEEI;spectral_06;auc;0.928859126984127;0.00953418437052887
mysMEEI;mysMEEI;combined_06;accuracy;0.8955434782608697;0.012851393604599472
mysMEEI;mysMEEI;combined_06;precision;0.9112947328708811;0.01552149754618235
mysMEEI;mysMEEI;combined_06;recall;0.9180357142857144;0.01290047262225501
mysMEEI;mysMEEI;combined_06;f1;0.9145461424654865;0.01030042617463562
mysMEEI;mysMEEI;combined_06;auc;0.958720238095238;0.005567756938664114
mysMEEI;mysMEEI;sep_06_raw;accuracy;0.8960869565217393;0.012037276695571404
mysMEEI;mysMEEI;sep_06_raw;precision;0.8997397200628692;0.014633550741365514
mysMEEI;mysMEEI;sep_06_raw;recall;0.9335714285714286;0.010126747770541284
mysMEEI;mysMEEI;sep_06_raw;f1;0.9162636632395756;0.009379873263838334
mysMEEI;mysMEEI;sep_06_raw;auc;0.9567013888888889;0.0048272299794044765
mysMEEI;mysMEEI;sep_06_a01;accuracy;0.8991304347826089;0.013140940225832525
mysMEEI;mysMEEI;sep_06_a01;precision;0.9137344651596168;0.016465900265704606
mysMEEI;mysMEEI;sep_06_a01;recall;0.921607142857143;0.011264163419935837
mysMEEI;mysMEEI;sep_06_a01;f1;0.9175523805686671;0.010343147427829727
mysMEEI;mysMEEI;sep_06_a01;auc;0.9549702380952381;0.005701811022429648
mysMEEI;mysMEEI;sep_06_a02;accuracy;0.8971739130434784;0.01403984338475436
mysMEEI;mysMEEI;sep_06_a02;precision;0.9093064476482262;0.01792480879964804
mysMEEI;mysMEEI;sep_06_a02;recall;0.9235714285714287;0.01131641394125348
mysMEEI;mysMEEI;sep_06_a02;f1;0.9162657695650206;0.010934524976683478
mysMEEI;mysMEEI;sep_06_a02;auc;0.9568799603174603;0.006267790486764763
mysMEEI;mysMEEI;spectral_07;accuracy;0.8807608695652175;0.014042788379878164
mysMEEI;mysMEEI;spectral_07;precision;0.8821565833943843;0.014141821072091987
mysMEEI;mysMEEI;spectral_07;recall;0.9283928571428572;0.01758633949219375
mysMEEI;mysMEEI;spectral_07;f1;0.9045474241857707;0.011343279723616347
mysMEEI;mysMEEI;spectral_07;auc;0.9259077380952379;0.010300193264431656
mysMEEI;mysMEEI;combined_07;accuracy;0.8951086956521741;0.011438894119483246
mysMEEI;mysMEEI;combined_07;precision;0.901854578099518;0.011455547833378751
mysMEEI;mysMEEI;combined_07;recall;0.9289285714285717;0.014502814645890667
mysMEEI;mysMEEI;combined_07;f1;0.9151020754939764;0.009392729002561323
mysMEEI;mysMEEI;combined_07;auc;0.9572519841269841;0.005076700147264523
mysMEEI;mysMEEI;sep_07_raw;accuracy;0.8927173913043481;0.01345852341648164
mysMEEI;mysMEEI;sep_07_raw;precision;0.8927644803751695;0.016849507741698497
mysMEEI;mysMEEI;sep_07_raw;recall;0.9366071428571431;0.009574826156038907
mysMEEI;mysMEEI;sep_07_raw;f1;0.9140629353748365;0.010276141564357478
mysMEEI;mysMEEI;sep_07_raw;auc;0.956324404761905;0.004909148279243696
mysMEEI;mysMEEI;sep_07_a01;accuracy;0.8922826086956523;0.011409937465554477
mysMEEI;mysMEEI;sep_07_a01;precision;0.9001131860093207;0.014713626653770531
mysMEEI;mysMEEI;sep_07_a01;recall;0.9260714285714289;0.007993939030571221
mysMEEI;mysMEEI;sep_07_a01;f1;0.9128334050356652;0.00873344259839597
mysMEEI;mysMEEI;sep_07_a01;auc;0.9545783730158729;0.005644420629709203
mysMEEI;mysMEEI;sep_07_a02;accuracy;0.8939130434782612;0.010773488429012053
mysMEEI;mysMEEI;sep_07_a02;precision;0.9000904499178022;0.01421333637347179
mysMEEI;mysMEEI;sep_07_a02;recall;0.929107142857143;0.008165616689409762
mysMEEI;mysMEEI;sep_07_a02;f1;0.9142921723000128;0.008241497436209416
mysMEEI;mysMEEI;sep_07_a02;auc;0.9567162698412698;0.005275511582328132
mysMEEI;mysMEEI;spectral_08;accuracy;0.8797826086956522;0.015047184765801911
mysMEEI;mysMEEI;spectral_08;precision;0.8770266579141335;0.015098527307680895
mysMEEI;mysMEEI;spectral_08;recall;0.9337500000000002;0.01928158024474896
mysMEEI;mysMEEI;spectral_08;f1;0.9043340489903555;0.012109875827540457
mysMEEI;mysMEEI;spectral_08;auc;0.9200843253968252;0.010928221057757445
mysMEEI;mysMEEI;combined_08;accuracy;0.8923913043478262;0.01326799523449315
mysMEEI;mysMEEI;combined_08;precision;0.8978881206026883;0.013798833054728682
mysMEEI;mysMEEI;combined_08;recall;0.929107142857143;0.01566041903940617
mysMEEI;mysMEEI;combined_08;f1;0.9131185469420661;0.010739010890225264
mysMEEI;mysMEEI;combined_08;auc;0.9534672619047619;0.005471522463374182
mysMEEI;mysMEEI;sep_08_raw;accuracy;0.8894565217391306;0.013228309992406376
mysMEEI;mysMEEI;sep_08_raw;precision;0.8872497706013668;0.015363780862751352
mysMEEI;mysMEEI;sep_08_raw;recall;0.9378571428571427;0.010251928638862349
mysMEEI;mysMEEI;sep_08_raw;f1;0.9117710204262433;0.010152485592299441
mysMEEI;mysMEEI;sep_08_raw;auc;0.9566865079365079;0.004918414277466577
mysMEEI;mysMEEI;sep_08_a01;accuracy;0.8895652173913047;0.012556112241907516
mysMEEI;mysMEEI;sep_08_a01;precision;0.894971223353533;0.014585699957480887
mysMEEI;mysMEEI;sep_08_a01;recall;0.9276785714285716;0.010219217091303209
mysMEEI;mysMEEI;sep_08_a01;f1;0.9109589038736337;0.009788302953852426
mysMEEI;mysMEEI;sep_08_a01;auc;0.9539335317460319;0.005988093512338417
mysMEEI;mysMEEI;sep_08_a02;accuracy;0.8913043478260871;0.011605519839164457
mysMEEI;mysMEEI;sep_08_a02;precision;0.895710470335375;0.0151133601135536
mysMEEI;mysMEEI;sep_08_a02;recall;0.9300000000000002;0.006998542122237638
mysMEEI;mysMEEI;sep_08_a02;f1;0.9124588086211053;0.008751177799788129
mysMEEI;mysMEEI;sep_08_a02;auc;0.9552182539682538;0.00581144324371801
mysMEEI;mysMEEI;spectral_09;accuracy;0.8756521739130436;0.01672076915046035
mysMEEI;mysMEEI;spectral_09;precision;0.868408909425207;0.01649683969779378
mysMEEI;mysMEEI;spectral_09;recall;0.9382142857142856;0.018108939048696013
mysMEEI;mysMEEI;spectral_09;f1;0.9018224029621106;0.013128113763928554
mysMEEI;mysMEEI;spectral_09;auc;0.9201835317460316;0.00988487976349295
mysMEEI;mysMEEI;combined_09;accuracy;0.8877173913043479;0.014748602189381963
mysMEEI;mysMEEI;combined_09;precision;0.8921679863948239;0.016433887576812998
mysMEEI;mysMEEI;combined_09;recall;0.9280357142857144;0.015037156361113333
mysMEEI;mysMEEI;combined_09;f1;0.9096215461700519;0.011640384886700456
mysMEEI;mysMEEI;combined_09;auc;0.9501537698412698;0.0061809198056949274
mysMEEI;mysMEEI;sep_09_raw;accuracy;0.8852173913043481;0.012423680054112641
mysMEEI;mysMEEI;sep_09_raw;precision;0.8814516175691156;0.01495057039433283
mysMEEI;mysMEEI;sep_09_raw;recall;0.9378571428571427;0.009936019816602514
mysMEEI;mysMEEI;sep_09_raw;f1;0.9086940778417582;0.009443028117976072
mysMEEI;mysMEEI;sep_09_raw;auc;0.958298611111111;0.00457063310756488
mysMEEI;mysMEEI;sep_09_a01;accuracy;0.8879347826086957;0.01217148655942085
mysMEEI;mysMEEI;sep_09_a01;precision;0.8911691552587285;0.014124421372586106
mysMEEI;mysMEEI;sep_09_a01;recall;0.9296428571428573;0.008682318415102289
mysMEEI;mysMEEI;sep_09_a01;f1;0.909940699034119;0.009383916080805481
mysMEEI;mysMEEI;sep_09_a01;auc;0.9546775793650792;0.005839562039398192
mysMEEI;mysMEEI;sep_09_a02;accuracy;0.8907608695652176;0.012428909376118766
mysMEEI;mysMEEI;sep_09_a02;precision;0.8949824048206504;0.016178432942521095
mysMEEI;mysMEEI;sep_09_a02;recall;0.9300000000000003;0.008630747123996113
mysMEEI;mysMEEI;sep_09_a02;f1;0.9120621841825344;0.009429419581731133
mysMEEI;mysMEEI;sep_09_a02;auc;0.953313492063492;0.00662282447154169
mysMEEI;mysMEEI;spectral_10;accuracy;0.8717391304347827;0.01732323635924915
mysMEEI;mysMEEI;spectral_10;precision;0.8635378623349179;0.017057726430823
mysMEEI;mysMEEI;spectral_10;recall;0.9378571428571427;0.01846811924835413
mysMEEI;mysMEEI;spectral_10;f1;0.8990151832368701;0.01348263710167668
mysMEEI;mysMEEI;spectral_10;auc;0.9128769841269841;0.010088734552846711
mysMEEI;mysMEEI;combined_10;accuracy;0.8810869565217395;0.015280923278947792
mysMEEI;mysMEEI;combined_10;precision;0.8844317737902336;0.018070314236444694
mysMEEI;mysMEEI;combined_10;recall;0.9260714285714289;0.013604283539100644
mysMEEI;mysMEEI;combined_10;f1;0.9046374998877994;0.011811460395799058
mysMEEI;mysMEEI;combined_10;auc;0.9472420634920634;0.006763341471187381
mysMEEI;mysMEEI;sep_10_raw;accuracy;0.8869565217391308;0.013834697892780268
mysMEEI;mysMEEI;sep_10_raw;precision;0.8841291270998507;0.01651709095147058
mysMEEI;mysMEEI;sep_10_raw;recall;0.9375;0.010564428184106434
mysMEEI;mysMEEI;sep_10_raw;f1;0.9099340043406636;0.010520493128495388
mysMEEI;mysMEEI;sep_10_raw;auc;0.9573859126984126;0.0047521265139220505
mysMEEI;mysMEEI;sep_10_a01;accuracy;0.8891304347826088;0.010869565217391297
mysMEEI;mysMEEI;sep_10_a01;precision;0.8924644102399409;0.013707514008141637
mysMEEI;mysMEEI;sep_10_a01;recall;0.9301785714285716;0.008411832652367043
mysMEEI;mysMEEI;sep_10_a01;f1;0.9108610275152493;0.00830790290952661
mysMEEI;mysMEEI;sep_10_a01;auc;0.9528521825396825;0.006484322707285789
mysMEEI;mysMEEI;sep_10_a02;accuracy;0.8860869565217393;0.014044891569750506
mysMEEI;mysMEEI;sep_10_a02;precision;0.8881216992066863;0.018526116843833214
mysMEEI;mysMEEI;sep_10_a02;recall;0.9305357142857145;0.008709820284469415
mysMEEI;mysMEEI;sep_10_a02;f1;0.9087147431747812;0.010510352667850494
mysMEEI;mysMEEI;sep_10_a02;auc;0.9498015873015874;0.007098628499999332
mysMEEI;mysMEEI;spectral_11;accuracy;0.8730434782608697;0.01589188424564961
mysMEEI;mysMEEI;spectral_11;precision;0.863623145815474;0.01550543494587364
mysMEEI;mysMEEI;spectral_11;recall;0.9401785714285714;0.01643924342814461
mysMEEI;mysMEEI;spectral_11;f1;0.900162916430655;0.012370592429164978
mysMEEI;mysMEEI;spectral_11;auc;0.9128075396825396;0.010591545080486986
mysMEEI;mysMEEI;combined_11;accuracy;0.8754347826086957;0.01714637307540086
mysMEEI;mysMEEI;combined_11;precision;0.877022587554513;0.020586513483374116
mysMEEI;mysMEEI;combined_11;recall;0.9257142857142862;0.012807443626457934
mysMEEI;mysMEEI;combined_11;f1;0.9005572906412306;0.012946786652389158
mysMEEI;mysMEEI;combined_11;auc;0.9443452380952383;0.007784696368096939
mysMEEI;mysMEEI;sep_11_raw;accuracy;0.8916304347826088;0.016228446517473884
mysMEEI;mysMEEI;sep_11_raw;precision;0.8900831488219262;0.018514284512028578
mysMEEI;mysMEEI;sep_11_raw;recall;0.9382142857142859;0.012479575149754375
mysMEEI;mysMEEI;sep_11_raw;f1;0.9134049238813372;0.012523305215466428
mysMEEI;mysMEEI;sep_11_raw;auc;0.958050595238095;0.00490457518699277
mysMEEI;mysMEEI;sep_11_a01;accuracy;0.8945652173913046;0.012629293520241572
mysMEEI;mysMEEI;sep_11_a01;precision;0.8994930289105793;0.014694620759512368
mysMEEI;mysMEEI;sep_11_a01;recall;0.9310714285714288;0.011013674246506615
mysMEEI;mysMEEI;sep_11_a01;f1;0.9149288904952434;0.009873728557295496
mysMEEI;mysMEEI;sep_11_a01;auc;0.9540823412698411;0.00615489454625116
mysMEEI;mysMEEI;sep_11_a02;accuracy;0.8880434782608698;0.01446101597353268
mysMEEI;mysMEEI;sep_11_a02;precision;0.8895327750594544;0.018770802143741952
mysMEEI;mysMEEI;sep_11_a02;recall;0.9323214285714287;0.009876469149303437
mysMEEI;mysMEEI;sep_11_a02;f1;0.9102972788143471;0.0108891403833406
mysMEEI;mysMEEI;sep_11_a02;auc;0.950530753968254;0.006837633442623176
mysMEEI;mysMEEI;spectral_12;accuracy;0.8738043478260872;0.013995594094723953
mysMEEI;mysMEEI;spectral_12;precision;0.862694544634241;0.014573205827436549
mysMEEI;mysMEEI;spectral_12;recall;0.9430357142857142;0.012549646307724347
mysMEEI;mysMEEI;spectral_12;f1;0.9009936058369641;0.010675185141178068
mysMEEI;mysMEEI;spectral_12;auc;0.9187251984126982;0.009666480296620678
mysMEEI;mysMEEI;combined_12;accuracy;0.8778260869565219;0.014347826086956518
mysMEEI;mysMEEI;combined_12;precision;0.8770213141880191;0.01579230101903745
mysMEEI;mysMEEI;combined_12;recall;0.9300000000000002;0.01375811448875587
mysMEEI;mysMEEI;combined_12;f1;0.9026268736694817;0.011187606170000211
mysMEEI;mysMEEI;combined_12;auc;0.9459176587301588;0.008010092591565942
mysMEEI;mysMEEI;sep_12_raw;accuracy;0.9051086956521742;0.015589775986585218
mysMEEI;mysMEEI;sep_12_raw;precision;0.9016301160013183;0.01724404045046202
mysMEEI;mysMEEI;sep_12_raw;recall;0.9478571428571427;0.014436702093862663
mysMEEI;mysMEEI;sep_12_raw;f1;0.9240493336044338;0.01223123466257378
mysMEEI;mysMEEI;sep_12_raw;auc;0.9614831349206346;0.004293684145008801
mysMEEI;mysMEEI;sep_12_a01;accuracy;0.9047826086956523;0.011308527655339082
mysMEEI;mysMEEI;sep_12_a01;precision;0.9064780986128886;0.014093997226648303
mysMEEI;mysMEEI;sep_12_a01;recall;0.9408928571428572;0.009680811548878406
mysMEEI;mysMEEI;sep_12_a01;f1;0.9232859154477349;0.00878606577794293
mysMEEI;mysMEEI;sep_12_a01;auc;0.9576785714285714;0.005865721687661944
mysMEEI;mysMEEI;sep_12_a02;accuracy;0.8975000000000002;0.013856457619802257
mysMEEI;mysMEEI;sep_12_a02;precision;0.8947626918491451;0.017089724032435638
mysMEEI;mysMEEI;sep_12_a02;recall;0.9428571428571427;0.009105391988558526
mysMEEI;mysMEEI;sep_12_a02;f1;0.9180878487560602;0.010547674850956016
mysMEEI;mysMEEI;sep_12_a02;auc;0.9546428571428571;0.006659517614296635
mysMEEI;mysMEEI;spectral_13;accuracy;0.874021739130435;0.013671044145021353
mysMEEI;mysMEEI;spectral_13;precision;0.860989979996294;0.01448852768485836
mysMEEI;mysMEEI;spectral_13;recall;0.9460714285714283;0.012872015207814355
mysMEEI;mysMEEI;spectral_13;f1;0.9014324688257414;0.010358839611840658
mysMEEI;mysMEEI;spectral_13;auc;0.9194196428571427;0.008600502469233589
mysMEEI;mysMEEI;combined_13;accuracy;0.8863043478260871;0.012715068535556305
mysMEEI;mysMEEI;combined_13;precision;0.8807050878555767;0.016056283069344805
mysMEEI;mysMEEI;combined_13;recall;0.9410714285714286;0.011434150423987212
mysMEEI;mysMEEI;combined_13;f1;0.9097665251350706;0.009588130870143154
mysMEEI;mysMEEI;combined_13;auc;0.9504910714285714;0.0075049111403250384
mysMEEI;mysMEEI;sep_13_raw;accuracy;0.9067391304347828;0.01719866130984216
mysMEEI;mysMEEI;sep_13_raw;precision;0.902951664218525;0.02025654924051678
mysMEEI;mysMEEI;sep_13_raw;recall;0.9492857142857141;0.013533782372497442
mysMEEI;mysMEEI;sep_13_raw;f1;0.9254007539656592;0.013335422067029807
mysMEEI;mysMEEI;sep_13_raw;auc;0.9618700396825396;0.004018564385137812
mysMEEI;mysMEEI;sep_13_a01;accuracy;0.9036956521739132;0.012584309250788085
mysMEEI;mysMEEI;sep_13_a01;precision;0.9052505285757649;0.015767396837038164
mysMEEI;mysMEEI;sep_13_a01;recall;0.9405357142857141;0.01011887254750511
mysMEEI;mysMEEI;sep_13_a01;f1;0.9224626268031703;0.009735557221501146
mysMEEI;mysMEEI;sep_13_a01;auc;0.9579712301587301;0.005260207936295754
mysMEEI;mysMEEI;sep_13_a02;accuracy;0.8955434782608698;0.015053072462065808
mysMEEI;mysMEEI;sep_13_a02;precision;0.8909455993863218;0.019173688657468328
mysMEEI;mysMEEI;sep_13_a02;recall;0.9444642857142855;0.008335671440702708
mysMEEI;mysMEEI;sep_13_a02;f1;0.9168108802061967;0.011300875885751302
mysMEEI;mysMEEI;sep_13_a02;auc;0.9549503968253967;0.005916467385634006
mysMEEI;mysMEEI;spectral_14;accuracy;0.8728260869565219;0.015410268346475887
mysMEEI;mysMEEI;spectral_14;precision;0.8576168160482806;0.01583345500883005
mysMEEI;mysMEEI;spectral_14;recall;0.9489285714285712;0.012881920569193885
mysMEEI;mysMEEI;spectral_14;f1;0.9008730946329113;0.011597995262029757
mysMEEI;mysMEEI;spectral_14;auc;0.9191021825396823;0.008557114082928686
mysMEEI;mysMEEI;combined_14;accuracy;0.882608695652174;0.012952581834579322
mysMEEI;mysMEEI;combined_14;precision;0.8761048200071937;0.016416458697076645
mysMEEI;mysMEEI;combined_14;recall;0.9405357142857141;0.009798674941656368
mysMEEI;mysMEEI;combined_14;f1;0.9070688847954547;0.009663632125428274
mysMEEI;mysMEEI;combined_14;auc;0.9496775793650793;0.007355458390387112
mysMEEI;mysMEEI;sep_14_raw;accuracy;0.9047826086956523;0.014753808261701864
mysMEEI;mysMEEI;sep_14_raw;precision;0.9001889699136584;0.016253265168223383
mysMEEI;mysMEEI;sep_14_raw;recall;0.9491071428571426;0.01436917583877775
mysMEEI;mysMEEI;sep_14_raw;f1;0.923890686450149;0.011651744288658037
mysMEEI;mysMEEI;sep_14_raw;auc;0.9620585317460316;0.004142084872031542
mysMEEI;mysMEEI;sep_14_a01;accuracy;0.9008695652173916;0.011633989704573598
mysMEEI;mysMEEI;sep_14_a01;precision;0.9002285263035361;0.014095078087148449
mysMEEI;mysMEEI;sep_14_a01;recall;0.9417857142857141;0.011742344444838265
mysMEEI;mysMEEI;sep_14_a01;f1;0.9204424074683792;0.009109832790511703
mysMEEI;mysMEEI;sep_14_a01;auc;0.957782738095238;0.005418744423147648
mysMEEI;mysMEEI;sep_14_a02;accuracy;0.8948913043478263;0.01239845331533237
mysMEEI;mysMEEI;sep_14_a02;precision;0.8895811815298628;0.016391076392428865
mysMEEI;mysMEEI;sep_14_a02;recall;0.9449999999999998;0.009340497736158578
mysMEEI;mysMEEI;sep_14_a02;f1;0.9163447246255845;0.009321650853062805
mysMEEI;mysMEEI;sep_14_a02;auc;0.9552579365079364;0.0057582428019569264
mysMEEI;mysMEEI;spectral_15;accuracy;0.8686956521739133;0.015727475867552965
mysMEEI;mysMEEI;spectral_15;precision;0.8507886825299785;0.015256315388836237
mysMEEI;mysMEEI;spectral_15;recall;0.9514285714285713;0.014078859531733592
mysMEEI;mysMEEI;spectral_15;f1;0.8982092774779717;0.011890969092489488
mysMEEI;mysMEEI;spectral_15;auc;0.9167956349206348;0.009677735724412752
mysMEEI;mysMEEI;combined_15;accuracy;0.8817391304347828;0.01402805722165362
mysMEEI;mysMEEI;combined_15;precision;0.8740641380707285;0.016751416904255675
mysMEEI;mysMEEI;combined_15;recall;0.9417857142857141;0.010897247358851668
mysMEEI;mysMEEI;combined_15;f1;0.9065551572238002;0.010578969042828559
mysMEEI;mysMEEI;combined_15;auc;0.949702380952381;0.007074671797374377
mysMEEI;mysMEEI;sep_15_raw;accuracy;0.9023913043478262;0.012766997269587842
mysMEEI;mysMEEI;sep_15_raw;precision;0.8960501542525604;0.014846800399727106
mysMEEI;mysMEEI;sep_15_raw;recall;0.9501785714285714;0.01412747179022749
mysMEEI;mysMEEI;sep_15_raw;f1;0.922200077539439;0.010044501357926113
mysMEEI;mysMEEI;sep_15_raw;auc;0.9616369047619047;0.004467161771981397
mysMEEI;mysMEEI;sep_15_a01;accuracy;0.8957608695652176;0.012402264413037174
mysMEEI;mysMEEI;sep_15_a01;precision;0.8917951417811295;0.015734903912043137
mysMEEI;mysMEEI;sep_15_a01;recall;0.9435714285714283;0.009689042833036083
mysMEEI;mysMEEI;sep_15_a01;f1;0.916855535637005;0.009407165860175374
mysMEEI;mysMEEI;sep_15_a01;auc;0.9561011904761904;0.005802299412900572
mysMEEI;mysMEEI;sep_15_a02;accuracy;0.8930434782608698;0.01274291381717638
mysMEEI;mysMEEI;sep_15_a02;precision;0.8864265785905077;0.017035819801910566
mysMEEI;mysMEEI;sep_15_a02;recall;0.945892857142857;0.007343173283911453
mysMEEI;mysMEEI;sep_15_a02;f1;0.9150886386856848;0.009365688664536595
mysMEEI;mysMEEI;sep_15_a02;auc;0.9538492063492063;0.006578331050151841
myUSP;myUSP;acoustic;accuracy;0.65;0.022592298491058815
myUSP;myUSP;acoustic;precision;0.6761172053168549;0.011324916079408893
myUSP;myUSP;acoustic;recall;0.9328125;0.030095875444153472
myUSP;myUSP;acoustic;f1;0.7838310149323058;0.015858502119425907
myUSP;myUSP;acoustic;auc;0.6209791666666666;0.04418263763912245
myUSP;myUSP;acoustic_balanced_weights;accuracy;0.6408510638297872;0.03960877030883437
myUSP;myUSP;acoustic_balanced_weights;precision;0.7670466705872714;0.029420681993813168
myUSP;myUSP;acoustic_balanced_weights;recall;0.67875;0.04862965915981727
myUSP;myUSP;acoustic_balanced_weights;f1;0.7194881345796635;0.035801724339118886
myUSP;myUSP;acoustic_balanced_weights;auc;0.6669999999999999;0.031936514716265185
myUSP;myUSP;spectral_paper;accuracy;0.972340425531915;0.026317695482665906
myUSP;myUSP;spectral_paper;precision;0.9767014332125811;0.022077148954967693
myUSP;myUSP;spectral_paper;recall;0.983125;0.024375
myUSP;myUSP;spectral_paper;f1;0.9797297229549344;0.019470313445496507
myUSP;myUSP;spectral_paper;auc;0.9974583333333336;0.003825399398174712
myUSP;myUSP;combined_paper;accuracy;0.9465957446808513;0.01489209718689118
myUSP;myUSP;combined_paper;precision;0.956861426168708;0.014414487421278191
myUSP;myUSP;combined_paper;recall;0.9653125;0.016473819191371503
myUSP;myUSP;combined_paper;f1;0.9609432433605821;0.010980658587270528
myUSP;myUSP;combined_paper;auc;0.9898541666666668;0.00515939508458974
myUSP;myUSP;spectral_02;accuracy;0.8574468085106385;0.02378795720744458
myUSP;myUSP;spectral_02;precision;0.9407804585930283;0.034522315400506515
myUSP;myUSP;spectral_02;recall;0.845;0.007551903733496607
myUSP;myUSP;spectral_02;f1;0.8900218668865605;0.01658283501419416
myUSP;myUSP;spectral_02;auc;0.9384791666666666;0.011860206428548278
myUSP;myUSP;combined_02;accuracy;0.8604255319148938;0.023943497696400348
myUSP;myUSP;combined_02;precision;0.936944170771757;0.027974252844134056
myUSP;myUSP;combined_02;recall;0.853125;0.020009763241977657
myUSP;myUSP;combined_02;f1;0.892800344921436;0.017925142786977787
myUSP;myUSP;combined_02;auc;0.9392083333333333;0.01671186579449863
myUSP;myUSP;sep_02_raw;accuracy;0.8587234042553193;0.03384517246833733
myUSP;myUSP;sep_02_raw;precision;0.9073473638621189;0.028936453965501117
myUSP;myUSP;sep_02_raw;recall;0.8834375;0.03640457345925097
myUSP;myUSP;sep_02_raw;f1;0.8947467099666363;0.025722694770461497
myUSP;myUSP;sep_02_raw;auc;0.9383541666666667;0.01675262987231823
myUSP;myUSP;sep_02_a01;accuracy;0.8665957446808511;0.02288693250509956
myUSP;myUSP;sep_02_a01;precision;0.924948235533469;0.030445282773101337
myUSP;myUSP;sep_02_a01;recall;0.87625;0.015258194519667126
myUSP;myUSP;sep_02_a01;f1;0.8996054952964657;0.0159911522045724
myUSP;myUSP;sep_02_a01;auc;0.9317708333333333;0.016486987187711955
myUSP;myUSP;sep_02_a02;accuracy;0.8763829787234043;0.031942541216050224
myUSP;myUSP;sep_02_a02;precision;0.9149781423591784;0.028975346814064235
myUSP;myUSP;sep_02_a02;recall;0.903125;0.03292391797766481
myUSP;myUSP;sep_02_a02;f1;0.9085828100335006;0.023972687996307623
myUSP;myUSP;sep_02_a02;auc;0.9455416666666667;0.013642318249557967
myUSP;myUSP;spectral_03;accuracy;0.8936170212765958;0.029017407865927356
myUSP;myUSP;spectral_03;precision;0.9309473814983573;0.024700289488387542
myUSP;myUSP;spectral_03;recall;0.911875;0.031055645622012108
myUSP;myUSP;spectral_03;f1;0.9209755275242122;0.02209000570290062
myUSP;myUSP;spectral_03;auc;0.9586875;0.014538786128261648
myUSP;myUSP;combined_03;accuracy;0.9117021276595745;0.028604956722869695
myUSP;myUSP;combined_03;precision;0.943524912576518;0.0303073668839497
myUSP;myUSP;combined_03;recall;0.926875;0.031936215727603044
myUSP;myUSP;combined_03;f1;0.9345730116750075;0.02134599571720507
myUSP;myUSP;combined_03;auc;0.9709583333333334;0.01303980284871414
myUSP;myUSP;sep_03_raw;accuracy;0.8885106382978724;0.033251446120146896
myUSP;myUSP;sep_03_raw;precision;0.8888487395430077;0.028031530979955952
myUSP;myUSP;sep_03_raw;recall;0.956875;0.036384448944569714
myUSP;myUSP;sep_03_raw;f1;0.9210887908430336;0.023869841219771884
myUSP;myUSP;sep_03_raw;auc;0.9560833333333335;0.01629981680196983
myUSP;myUSP;sep_03_a01;accuracy;0.8982978723404256;0.031497986167994985
myUSP;myUSP;sep_03_a01;precision;0.9108512408450739;0.0274781422361793
myUSP;myUSP;sep_03_a01;recall;0.94375;0.030618621784789725
myUSP;myUSP;sep_03_a01;f1;0.9266422094769731;0.022733220386950324
myUSP;myUSP;sep_03_a01;auc;0.9562916666666669;0.01609428599431075
myUSP;myUSP;sep_03_a02;accuracy;0.9161702127659574;0.02929996593208854
myUSP;myUSP;sep_03_a02;precision;0.9233388323804594;0.02509366186732929
myUSP;myUSP;sep_03_a02;recall;0.956875;0.028905827699617945
myUSP;myUSP;sep_03_a02;f1;0.9395123555147719;0.02143510191605754
myUSP;myUSP;sep_03_a02;auc;0.9676666666666668;0.013961380264461287
myUSP;myUSP;spectral_04;accuracy;0.9061702127659576;0.03010393945425515
myUSP;myUSP;spectral_04;precision;0.9238597873900293;0.025108716902416416
myUSP;myUSP;spectral_04;recall;0.9403125;0.03425974998084487
myUSP;myUSP;spectral_04;f1;0.9315872264478905;0.022326722192865647
myUSP;myUSP;spectral_04;auc;0.9605833333333333;0.01594717843381707
myUSP;myUSP;combined_04;accuracy;0.932340425531915;0.020269796363939684
myUSP;myUSP;combined_04;precision;0.9318116547694347;0.0220996435375191
myUSP;myUSP;combined_04;recall;0.9725;0.024717149916606486
myUSP;myUSP;combined_04;f1;0.9513724807538638;0.014765161120999203
myUSP;myUSP;combined_04;auc;0.985291666666667;0.009951357389265489
myUSP;myUSP;sep_04_raw;accuracy;0.8910638297872342;0.027786940795428944
myUSP;myUSP;sep_04_raw;precision;0.8749935047189306;0.02209202694416874
myUSP;myUSP;sep_04_raw;recall;0.980625;0.027164142265125917
myUSP;myUSP;sep_04_raw;f1;0.9245536025329778;0.01940820568123302
myUSP;myUSP;sep_04_raw;auc;0.95725;0.01885498386810944
myUSP;myUSP;sep_04_a01;accuracy;0.9004255319148936;0.02621083165010127
myUSP;myUSP;sep_04_a01;precision;0.8963923904420821;0.022081825070665594
myUSP;myUSP;sep_04_a01;recall;0.9659375;0.02763284673626661
myUSP;myUSP;sep_04_a01;f1;0.9295813365545419;0.018745230580893953
myUSP;myUSP;sep_04_a01;auc;0.9671875000000001;0.016098047565362303
myUSP;myUSP;sep_04_a02;accuracy;0.9029787234042552;0.026798377010780926
myUSP;myUSP;sep_04_a02;precision;0.9025731820098519;0.023753330329446272
myUSP;myUSP;sep_04_a02;recall;0.961875;0.02362632271429475
myUSP;myUSP;sep_04_a02;f1;0.9310606757280375;0.01897002656198147
myUSP;myUSP;sep_04_a02;auc;0.9695416666666667;0.01429105926794793
myUSP;myUSP;spectral_05;accuracy;0.8870212765957447;0.027362562443044774
myUSP;myUSP;spectral_05;precision;0.8870021701641907;0.022320634142419204
myUSP;myUSP;spectral_05;recall;0.9565625;0.03183668039777389
myUSP;myUSP;spectral_05;f1;0.9200883238382306;0.019626369443902093
myUSP;myUSP;spectral_05;auc;0.9451041666666665;0.016967020195236278
myUSP;myUSP;combined_05;accuracy;0.9180851063829788;0.024880884177715973
myUSP;myUSP;combined_05;precision;0.9152039071249223;0.020952932884355263
myUSP;myUSP;combined_05;recall;0.97;0.02611572801972022
myUSP;myUSP;combined_05;f1;0.9415592756857343;0.017997541163855553
myUSP;myUSP;combined_05;auc;0.9793333333333335;0.01335506042250985
myUSP;myUSP;sep_05_raw;accuracy;0.8657446808510639;0.024756852899848827
myUSP;myUSP;sep_05_raw;precision;0.8488986047933418;0.021202618757928438
myUSP;myUSP;sep_05_raw;recall;0.9775;0.026175489489214904
myUSP;myUSP;sep_05_raw;f1;0.9083757300074101;0.016914918013714596
myUSP;myUSP;sep_05_raw;auc;0.9524583333333334;0.019959551111073517
myUSP;myUSP;sep_05_a01;accuracy;0.8827659574468085;0.027163305741642392
myUSP;myUSP;sep_05_a01;precision;0.8731916557593802;0.027108700662997656
myUSP;myUSP;sep_05_a01;recall;0.9696875;0.022297263705441526
myUSP;myUSP;sep_05_a01;f1;0.9185785413582924;0.018266653795515037
myUSP;myUSP;sep_05_a01;auc;0.9536458333333334;0.018501536629125948
myUSP;myUSP;sep_05_a02;accuracy;0.8838297872340426;0.030599857682292415
myUSP;myUSP;sep_05_a02;precision;0.8819668204363851;0.026844234547742974
myUSP;myUSP;sep_05_a02;recall;0.9584375;0.026902239102907403
myUSP;myUSP;sep_05_a02;f1;0.9183102853437147;0.02128777110086489
myUSP;myUSP;sep_05_a02;auc;0.9618541666666667;0.01652726860793669
myUSP;myUSP;spectral_06;accuracy;0.8959574468085107;0.03376147257348925
myUSP;myUSP;spectral_06;precision;0.8970558145413458;0.02996873827564961
myUSP;myUSP;spectral_06;recall;0.958125;0.03162895232219999
myUSP;myUSP;spectral_06;f1;0.9261645323502478;0.023818685260837108
myUSP;myUSP;spectral_06;auc;0.9572916666666669;0.01677180380214895
myUSP;myUSP;combined_06;accuracy;0.9038297872340426;0.027819504899882812
myUSP;myUSP;combined_06;precision;0.8950858174791998;0.02614143329564366
myUSP;myUSP;combined_06;recall;0.97375;0.0264131832613943
myUSP;myUSP;combined_06;f1;0.9324182743951975;0.019453303420384333
myUSP;myUSP;combined_06;auc;0.9654166666666668;0.019223195624037136
myUSP;myUSP;sep_06_raw;accuracy;0.8763829787234043;0.029280646676693146
myUSP;myUSP;sep_06_raw;precision;0.8596569484071419;0.026986051073181923
myUSP;myUSP;sep_06_raw;recall;0.979375;0.024693432831423015
myUSP;myUSP;sep_06_raw;f1;0.9152774968279499;0.01954410681483247
myUSP;myUSP;sep_06_raw;auc;0.9576041666666667;0.01993125119769344
myUSP;myUSP;sep_06_a01;accuracy;0.898723404255319;0.031142424618777854
myUSP;myUSP;sep_06_a01;precision;0.891488340844765;0.030943107528478574
myUSP;myUSP;sep_06_a01;recall;0.970625;0.02492958834397391
myUSP;myUSP;sep_06_a01;f1;0.9289771800849574;0.02129022288298286
myUSP;myUSP;sep_06_a01;auc;0.9641458333333334;0.01783726348827085
myUSP;myUSP;sep_06_a02;accuracy;0.8917021276595746;0.029342423519832204
myUSP;myUSP;sep_06_a02;precision;0.8877639768339671;0.02702144648402612
myUSP;myUSP;sep_06_a02;recall;0.96375;0.028545468116673092
myUSP;myUSP;sep_06_a02;f1;0.9238021254645795;0.020368633961343904
myUSP;myUSP;sep_06_a02;auc;0.9668333333333335;0.017229254836533786
myUSP;myUSP;spectral_07;accuracy;0.9202127659574468;0.030444868130328064
myUSP;myUSP;spectral_07;precision;0.9103225426736862;0.03075150078915481
myUSP;myUSP;spectral_07;recall;0.980625;0.024913914284993434
myUSP;myUSP;spectral_07;f1;0.9437635897425956;0.021009865917386315
myUSP;myUSP;spectral_07;auc;0.9730000000000001;0.016462077633154337
myUSP;myUSP;combined_07;accuracy;0.9125531914893618;0.028209749204906317
myUSP;myUSP;combined_07;precision;0.9055753947312115;0.026931929042387035
myUSP;myUSP;combined_07;recall;0.9740625;0.028317052614105165
myUSP;myUSP;combined_07;f1;0.9381698621662703;0.019979665839902044
myUSP;myUSP;combined_07;auc;0.971625;0.015131885485072025
myUSP;myUSP;sep_07_raw;accuracy;0.8961702127659575;0.032306813440174144
myUSP;myUSP;sep_07_raw;precision;0.877380267865949;0.032383332500462755
myUSP;myUSP;sep_07_raw;recall;0.986875;0.02217649374901271
myUSP;myUSP;sep_07_raw;f1;0.9285123901443672;0.02153611013321184
myUSP;myUSP;sep_07_raw;auc;0.9672708333333333;0.020011487586300697
myUSP;myUSP;sep_07_a01;accuracy;0.9253191489361703;0.029557625695558084
myUSP;myUSP;sep_07_a01;precision;0.9111621231208517;0.03267122799091872
myUSP;myUSP;sep_07_a01;recall;0.988125;0.02155117456195833
myUSP;myUSP;sep_07_a01;f1;0.9476406677080795;0.020108639131417326
myUSP;myUSP;sep_07_a01;auc;0.9768125000000001;0.016867681025987073
myUSP;myUSP;sep_07_a02;accuracy;0.9097872340425532;0.03200271604589477
myUSP;myUSP;sep_07_a02;precision;0.8990606359257924;0.029828716036294143
myUSP;myUSP;sep_07_a02;recall;0.9784375;0.028877096785341838
myUSP;myUSP;sep_07_a02;f1;0.9366570931885972;0.022332425025042048
myUSP;myUSP;sep_07_a02;auc;0.9735;0.016635596038481925
myUSP;myUSP;spectral_08;accuracy;0.9261702127659573;0.025435100131437332
myUSP;myUSP;spectral_08;precision;0.9105811117574087;0.028605322962791682
myUSP;myUSP;spectral_08;recall;0.99;0.021596440678963744
myUSP;myUSP;spectral_08;f1;0.9482244323426804;0.017486982790246037
myUSP;myUSP;spectral_08;auc;0.9781250000000001;0.015597197486870655
myUSP;myUSP;combined_08;accuracy;0.9193617021276596;0.026454090847908722
myUSP;myUSP;combined_08;precision;0.9051660782765097;0.028148319016338186
myUSP;myUSP;combined_08;recall;0.9859375;0.021366866142464597
myUSP;myUSP;combined_08;f1;0.943477792118982;0.018149340349092408
myUSP;myUSP;combined_08;auc;0.9796666666666667;0.013160072188251857
myUSP;myUSP;sep_08_raw;accuracy;0.901063829787234;0.02969209731266567
myUSP;myUSP;sep_08_raw;precision;0.8813078590296084;0.03131583416327362
myUSP;myUSP;sep_08_raw;recall;0.989375;0.019872641369480807
myUSP;myUSP;sep_08_raw;f1;0.9318246273510394;0.019693844217889854
myUSP;myUSP;sep_08_raw;auc;0.9723958333333332;0.016578870316527074
myUSP;myUSP;sep_08_a01;accuracy;0.9253191489361703;0.026316835413204353
myUSP;myUSP;sep_08_a01;precision;0.9090584834051951;0.029742550552039112
myUSP;myUSP;sep_08_a01;recall;0.990625;0.016828640022295324
myUSP;myUSP;sep_08_a01;f1;0.9477534359024656;0.017728044006054273
myUSP;myUSP;sep_08_a01;auc;0.9819375000000002;0.015106838844083533
myUSP;myUSP;sep_08_a02;accuracy;0.9082978723404256;0.031225896091078172
myUSP;myUSP;sep_08_a02;precision;0.8962390600304313;0.030697297890978907
myUSP;myUSP;sep_08_a02;recall;0.98;0.0255868618630734
myUSP;myUSP;sep_08_a02;f1;0.9358432308837342;0.021393372561063155
myUSP;myUSP;sep_08_a02;auc;0.9765625;0.014835249759160323
myUSP;myUSP;spectral_09;accuracy;0.9253191489361702;0.021168876254187372
myUSP;myUSP;spectral_09;precision;0.9040902843054546;0.02439878542622708
myUSP;myUSP;spectral_09;recall;0.996875;0.009374999999999998
myUSP;myUSP;spectral_09;f1;0.9480238452110423;0.014110279037682093
myUSP;myUSP;spectral_09;auc;0.9843541666666666;0.014566940190986491
myUSP;myUSP;combined_09;accuracy;0.9168085106382979;0.02676034173068012
myUSP;myUSP;combined_09;precision;0.8979546375577724;0.028450953550332832
myUSP;myUSP;combined_09;recall;0.9915625;0.016450090235314824
myUSP;myUSP;combined_09;f1;0.9421590613817473;0.01803559279292193
myUSP;myUSP;combined_09;auc;0.9817083333333333;0.01383992062035682
myUSP;myUSP;sep_09_raw;accuracy;0.9057446808510639;0.02504048329268047
myUSP;myUSP;sep_09_raw;precision;0.8843892824326263;0.025570475102181724
myUSP;myUSP;sep_09_raw;recall;0.9921875;0.015546678704790937
myUSP;myUSP;sep_09_raw;f1;0.934953198136732;0.016515725449522747
myUSP;myUSP;sep_09_raw;auc;0.9771250000000002;0.012913238792460674
myUSP;myUSP;sep_09_a01;accuracy;0.9236170212765957;0.023130898792518895
myUSP;myUSP;sep_09_a01;precision;0.9023625967790054;0.026025824124057434
myUSP;myUSP;sep_09_a01;recall;0.9965625;0.010730177945868372
myUSP;myUSP;sep_09_a01;f1;0.9469055656893963;0.015403759825053605
myUSP;myUSP;sep_09_a01;auc;0.9856250000000002;0.012904900554957138
myUSP;myUSP;sep_09_a02;accuracy;0.9061702127659576;0.02554875331273954
myUSP;myUSP;sep_09_a02;precision;0.8917331699198958;0.02419233426140058
myUSP;myUSP;sep_09_a02;recall;0.9821875;0.02176535018670731
myUSP;myUSP;sep_09_a02;f1;0.9345193882455287;0.017516785974450572
myUSP;myUSP;sep_09_a02;auc;0.9796458333333333;0.012072031352354174
myUSP;myUSP;spectral_10;accuracy;0.9225531914893617;0.025268141003069847
myUSP;myUSP;spectral_10;precision;0.8996897917718352;0.028982561522941958
myUSP;myUSP;spectral_10;recall;0.99875;0.006123724356957945
myUSP;myUSP;spectral_10;f1;0.9463892532046906;0.016622206654990073
myUSP;myUSP;spectral_10;auc;0.9803333333333335;0.013923526253551333
myUSP;myUSP;combined_10;accuracy;0.9017021276595745;0.028826450305429702
myUSP;myUSP;combined_10;precision;0.8807368334860597;0.028628273567083907
myUSP;myUSP;combined_10;recall;0.9909375;0.018903021418545767
myUSP;myUSP;combined_10;f1;0.9322933292324069;0.019106915562545183
myUSP;myUSP;combined_10;auc;0.9769583333333334;0.01617187416129895
myUSP;myUSP;sep_10_raw;accuracy;0.9040425531914894;0.027163305741642406
myUSP;myUSP;sep_10_raw;precision;0.8811920532725486;0.02906948872409684
myUSP;myUSP;sep_10_raw;recall;0.994375;0.01353525489231732
myUSP;myUSP;sep_10_raw;f1;0.934072492012411;0.017668215635171493
myUSP;myUSP;sep_10_raw;auc;0.9764791666666669;0.013496061025145245
myUSP;myUSP;sep_10_a01;accuracy;0.921063829787234;0.025227798732387417
myUSP;myUSP;sep_10_a01;precision;0.8984682153443763;0.0297109926347177
myUSP;myUSP;sep_10_a01;recall;0.998125;0.008637671850678283
myUSP;myUSP;sep_10_a01;f1;0.9453842616190599;0.016547512420078837
myUSP;myUSP;sep_10_a01;auc;0.9816458333333334;0.013852819483371926
myUSP;myUSP;sep_10_a02;accuracy;0.9029787234042552;0.027955859924522288
myUSP;myUSP;sep_10_a02;precision;0.8875134149244055;0.029710001780507117
myUSP;myUSP;sep_10_a02;recall;0.9834375;0.020470539043952896
myUSP;myUSP;sep_10_a02;f1;0.9326383105012827;0.01862449098648698
myUSP;myUSP;sep_10_a02;auc;0.9785208333333334;0.013148771462468355
myUSP;myUSP;spectral_11;accuracy;0.9074468085106383;0.02828667191554965
myUSP;myUSP;spectral_11;precision;0.8814964957132141;0.03192639839512863
myUSP;myUSP;spectral_11;recall;1.0;0.0
myUSP;myUSP;spectral_11;f1;0.9367091293367982;0.01810999932509338
myUSP;myUSP;spectral_11;auc;0.9699375000000002;0.013114264789618286
myUSP;myUSP;combined_11;accuracy;0.8893617021276596;0.030537659775334736
myUSP;myUSP;combined_11;precision;0.865236733468252;0.0312380958702779
myUSP;myUSP;combined_11;recall;0.99375;0.01530931089239486
myUSP;myUSP;combined_11;f1;0.9247122267745479;0.01961090856021536
myUSP;myUSP;combined_11;auc;0.9730416666666667;0.01575038579774406
myUSP;myUSP;sep_11_raw;accuracy;0.8959574468085107;0.02884450436950369
myUSP;myUSP;sep_11_raw;precision;0.8714272844040645;0.03129046058637789
myUSP;myUSP;sep_11_raw;recall;0.995625;0.012515615246562991
myUSP;myUSP;sep_11_raw;f1;0.9290411012330354;0.01839098105238832
myUSP;myUSP;sep_11_raw;auc;0.9697916666666668;0.014171261509751973
myUSP;myUSP;sep_11_a01;accuracy;0.9061702127659576;0.02742865967672109
myUSP;myUSP;sep_11_a01;precision;0.8804220087130303;0.03097219822181291
myUSP;myUSP;sep_11_a01;recall;0.999375;0.0043749999999999995
myUSP;myUSP;sep_11_a01;f1;0.9358293611465767;0.017468551150779183
myUSP;myUSP;sep_11_a01;auc;0.9718958333333333;0.013464507742580114
myUSP;myUSP;sep_11_a02;accuracy;0.8970212765957447;0.029438690308813582
myUSP;myUSP;sep_11_a02;precision;0.8762869848148486;0.031209674218358872
myUSP;myUSP;sep_11_a02;recall;0.99;0.017611253504506715
myUSP;myUSP;sep_11_a02;f1;0.9292980753987767;0.019114585970759233
myUSP;myUSP;sep_11_a02;auc;0.9732708333333335;0.013126835189158635
myUSP;myUSP;spectral_12;accuracy;0.8870212765957447;0.03004372850452484
myUSP;myUSP;spectral_12;precision;0.8588730220952527;0.03160435453663223
myUSP;myUSP;spectral_12;recall;1.0;0.0
myUSP;myUSP;spectral_12;f1;0.9237646438974418;0.018512367491183054
myUSP;myUSP;spectral_12;auc;0.9625416666666667;0.015192571741186904
myUSP;myUSP;combined_12;accuracy;0.8740425531914895;0.028175226139994628
myUSP;myUSP;combined_12;precision;0.8466867379306403;0.028909677369994474
myUSP;myUSP;combined_12;recall;0.996875;0.010364452469860622
myUSP;myUSP;combined_12;f1;0.9153767798101895;0.017599399781022616
myUSP;myUSP;combined_12;auc;0.9677500000000001;0.015293653367764466
myUSP;myUSP;sep_12_raw;accuracy;0.8751063829787235;0.030037700771404132
myUSP;myUSP;sep_12_raw;precision;0.8484778755324325;0.030217839376247262
myUSP;myUSP;sep_12_raw;recall;0.9959375;0.011400897716846686
myUSP;myUSP;sep_12_raw;f1;0.915994400325317;0.018572118693952807
myUSP;myUSP;sep_12_raw;auc;0.96325;0.01764208195070967
myUSP;myUSP;sep_12_a01;accuracy;0.8804255319148937;0.029753780606660996
myUSP;myUSP;sep_12_a01;precision;0.8519372494367587;0.030929461104981633
myUSP;myUSP;sep_12_a01;recall;0.9996875;0.003109335740958187
myUSP;myUSP;sep_12_a01;f1;0.9196140731210963;0.018289089019592773
myUSP;myUSP;sep_12_a01;auc;0.9651875000000001;0.016148978188349178
myUSP;myUSP;sep_12_a02;accuracy;0.8757446808510639;0.029592065788448866
myUSP;myUSP;sep_12_a02;precision;0.8516866683858679;0.02936202282011727
myUSP;myUSP;sep_12_a02;recall;0.9915625;0.015845321667609023
myUSP;myUSP;sep_12_a02;f1;0.9159939739916042;0.0186811894048956
myUSP;myUSP;sep_12_a02;auc;0.9646250000000001;0.016783393329915946
myUSP;myUSP;spectral_13;accuracy;0.8559574468085107;0.02441808026299764
myUSP;myUSP;spectral_13;precision;0.826417410512404;0.02414258980834669
myUSP;myUSP;spectral_13;recall;0.999375;0.0043749999999999995
myUSP;myUSP;spectral_13;f1;0.904511810240912;0.014711544754259346
myUSP;myUSP;spectral_13;auc;0.9558958333333335;0.01775864177348281
myUSP;myUSP;combined_13;accuracy;0.8631914893617022;0.02627551897182184
myUSP;myUSP;combined_13;precision;0.8342752724017164;0.027128314613947383
myUSP;myUSP;combined_13;recall;0.99875;0.006123724356957945
myUSP;myUSP;combined_13;f1;0.9088762460349166;0.015985382190615807
myUSP;myUSP;combined_13;auc;0.9635208333333335;0.018653676190409935
myUSP;myUSP;sep_13_raw;accuracy;0.8531914893617024;0.027984992421204065
myUSP;myUSP;sep_13_raw;precision;0.8245597213783766;0.027119107144534343
myUSP;myUSP;sep_13_raw;recall;0.998125;0.007421463804398697
myUSP;myUSP;sep_13_raw;f1;0.9028105042721114;0.016514507221014777
myUSP;myUSP;sep_13_raw;auc;0.9553541666666666;0.019920098640847934
myUSP;myUSP;sep_13_a01;accuracy;0.8521276595744682;0.02663826388414663
myUSP;myUSP;sep_13_a01;precision;0.8227461432429338;0.02639139016605674
myUSP;myUSP;sep_13_a01;recall;0.999375;0.0043749999999999995
myUSP;myUSP;sep_13_a01;f1;0.9022640479817281;0.015944794619572957
myUSP;myUSP;sep_13_a01;auc;0.9587083333333334;0.01908583498886602
myUSP;myUSP;sep_13_a02;accuracy;0.8555319148936171;0.025406607396728488
myUSP;myUSP;sep_13_a02;precision;0.8295503968539911;0.024176650624912855
myUSP;myUSP;sep_13_a02;recall;0.9928125;0.013873733050264446
myUSP;myUSP;sep_13_a02;f1;0.9036404050780668;0.015737705564912892
myUSP;myUSP;sep_13_a02;auc;0.9555624999999999;0.020423160106849296
myUSP;myUSP;spectral_14;accuracy;0.8365957446808513;0.02804639498431334
myUSP;myUSP;spectral_14;precision;0.8073475815312993;0.026999262889871242
myUSP;myUSP;spectral_14;recall;1.0;0.0
myUSP;myUSP;spectral_14;f1;0.8931599711212296;0.016472495731232974
myUSP;myUSP;spectral_14;auc;0.9509375;0.01712742024665581
myUSP;myUSP;combined_14;accuracy;0.8438297872340427;0.026441253417712335
myUSP;myUSP;combined_14;precision;0.8150643587057145;0.026110663549714672
myUSP;myUSP;combined_14;recall;0.9984375;0.006810779599282303
myUSP;myUSP;combined_14;f1;0.8972338846188458;0.01575745423365306
myUSP;myUSP;combined_14;auc;0.9538541666666667;0.022778704037738604
myUSP;myUSP;sep_14_raw;accuracy;0.8359574468085108;0.02712995401227237
myUSP;myUSP;sep_14_raw;precision;0.80714636942523;0.025909306314190434
myUSP;myUSP;sep_14_raw;recall;0.9990625;0.0053308506591349955
myUSP;myUSP;sep_14_raw;f1;0.8926700924807904;0.01587755742383418
myUSP;myUSP;sep_14_raw;auc;0.9463958333333333;0.02105477108440429
myUSP;myUSP;sep_14_a01;accuracy;0.8331914893617022;0.025303946803946403
myUSP;myUSP;sep_14_a01;precision;0.8042501560501978;0.024250754980413892
myUSP;myUSP;sep_14_a01;recall;0.999375;0.0043749999999999995
myUSP;myUSP;sep_14_a01;f1;0.8910501292725695;0.014822918848342454
myUSP;myUSP;sep_14_a01;auc;0.9515624999999999;0.020044167809975165
myUSP;myUSP;sep_14_a02;accuracy;0.8361702127659575;0.02526455763199558
myUSP;myUSP;sep_14_a02;precision;0.8103661252517046;0.02403732144715856
myUSP;myUSP;sep_14_a02;recall;0.9928125;0.013873733050264446
myUSP;myUSP;sep_14_a02;f1;0.8921085995135839;0.015223954774990478
myUSP;myUSP;sep_14_a02;auc;0.9449791666666667;0.021836464072611323
myUSP;myUSP;spectral_15;accuracy;0.8170212765957447;0.020184751022351365
myUSP;myUSP;spectral_15;precision;0.7886103075656766;0.018540967518923545
myUSP;myUSP;spectral_15;recall;1.0;0.0
myUSP;myUSP;spectral_15;f1;0.8816936711138524;0.011555659557313351
myUSP;myUSP;spectral_15;auc;0.9448541666666668;0.02046858831573123
myUSP;myUSP;combined_15;accuracy;0.8259574468085107;0.024881793882627613
myUSP;myUSP;combined_15;precision;0.7979544916937295;0.023131947933166943
myUSP;myUSP;combined_15;recall;0.998125;0.008637671850678283
myUSP;myUSP;combined_15;f1;0.8866909969760942;0.014746925215053355
myUSP;myUSP;combined_15;auc;0.9416458333333334;0.025194546849908267
myUSP;myUSP;sep_15_raw;accuracy;0.8174468085106383;0.025563809865320152
myUSP;myUSP;sep_15_raw;precision;0.7892589664736422;0.02343957252775198
myUSP;myUSP;sep_15_raw;recall;1.0;0.0
myUSP;myUSP;sep_15_raw;f1;0.8820274312266332;0.01461302303294957
myUSP;myUSP;sep_15_raw;auc;0.9366041666666667;0.02365708249305762
myUSP;myUSP;sep_15_a01;accuracy;0.8182978723404255;0.02260131357428
myUSP;myUSP;sep_15_a01;precision;0.7900339713296693;0.020851988359970583
myUSP;myUSP;sep_15_a01;recall;0.9996875;0.003109335740958187
myUSP;myUSP;sep_15_a01;f1;0.8824270355984706;0.012992675073588337
myUSP;myUSP;sep_15_a01;auc;0.9466666666666668;0.02221071750804603
myUSP;myUSP;sep_15_a02;accuracy;0.8187234042553192;0.023010222697184297
myUSP;myUSP;sep_15_a02;precision;0.7924396840404317;0.020844388453358426
myUSP;myUSP;sep_15_a02;recall;0.9953125;0.0111584819195982
myUSP;myUSP;sep_15_a02;f1;0.8821866864021473;0.013594553884044187
myUSP;myUSP;sep_15_a02;auc;0.9352291666666664;0.02400103983569139
